Numero_ACO|Relator|Data de julgamento|URL|Parte Ativa|Vencedor|Resumo
664|CÁRMEN LÚCIA|2014-05-05|https://jurisprudencia.stf.jus.br/pages/search/despacho412536/false|ESTADO DO RIO DE JANEIRO|UNIÃO|O Estado do Rio de Janeiro solicitou a declaração de nulidade de cláusulas contratuais do “Contrato de Confissão, Promessa de Assunção, Consolidação e Refinanciamento de Dívidas” com a União, visando impedir o bloqueio de recursos do ICMS em suas contas bancárias. O juiz decidiu que o pedido de antecipação de tutela estava prejudicado, pois já havia sido indeferido em uma ação anterior, afirmando a ausência de fumaça do bom direito e de perigo da demora para a medida solicitada.
664|RICARDO LEWANDOWSKI|2017-03-16|https://jurisprudencia.stf.jus.br/pages/search/despacho721088/false|ESTADO DO RIO DE JANEIRO|UNIÃO|O Estado do Rio de Janeiro ajuizou ação contra a União buscando a declaração de nulidade de cláusulas do “Contrato de Confissão, Promessa de Assunção, Consolidação e Refinanciamento de Dívidas”, especificamente para impedir a retirada de recursos do ICMS de suas contas bancárias. O Ministro Ricardo Lewandowski julgou improcedente o pedido, fundamentando que as cláusulas do contrato impugnado estavam em conformidade com a Constituição e a legislação pertinente, além de ressaltar que a retenção de recursos pela União era legal e necessária para garantir seus créditos.
775|ALEXANDRE DE MORAES|2018-09-18|https://jurisprudencia.stf.jus.br/pages/search/despacho908110/false|ESTADO DO CEARÁ|ESTADO|O Estado do Ceará ajuizou uma ação contra a União solicitando a exclusão das receitas tributárias destinadas ao Fundo Estadual de Combate à Pobreza (FECOP) da base de cálculo da dívida pública e da apuração dos limites mínimos de gastos em saúde e educação. O Ministro Alexandre de Moraes decidiu que a ação era parcialmente procedente, determinando que o adicional arrecadado pelo Estado de até 2% na alíquota do ICMS sobre produtos e serviços supérfluos não deveria ser incluído na Receita Líquida Real para o cálculo das parcelas da dívida pública com a União, enquanto negou a desconsideração desse valor na apuração dos limites de gastos em saúde e educação.
825|ROSA WEBER|2021-05-27|https://jurisprudencia.stf.jus.br/pages/search/despacho1204806/false|ESTADO DE SANTA CATARINA|ESTADO|O Estado de Santa Catarina ajuizou uma ação contra a União solicitando a exclusão das receitas do FUNDOSOCIAL da base de cálculo da Receita Líquida Real, alegando que essas receitas têm destinação constitucional específica para programas de apoio à inclusão e promoção sociais. A Ministra Rosa Weber decidiu que a inclusão das receitas do FUNDOSOCIAL na base de cálculo da Receita Líquida Real é inconstitucional, determinando à União que exclua essas receitas e condenando-a a ressarcir os valores pagos a maior pelo Estado, mediante compensação com as parcelas vincendas de sua dívida pública.
1039|GILMAR MENDES|2016-11-21|https://jurisprudencia.stf.jus.br/pages/search/despacho693939/false|ESTADO DE MATO GROSSO DO SUL|ESTADO|O Estado de Mato Grosso do Sul ajuizou uma ação contra a União para excluir os recursos destinados ao Fundo Estadual de Combate à Pobreza (FECOMP) da base de cálculo da Receita Líquida Real, argumentando que a inclusão desses recursos na RLR é inconstitucional. O relator, Ministro Gilmar Mendes, decidiu que a Lei 9.496/97 não invade a reserva de lei complementar e que as receitas do FECOMP, vinculadas a fins específicos, não devem integrar a RLR, exceto o limite de 2% do ICMS. A decisão determinou à União que abatesse esses valores da RLR.
1092|GILMAR MENDES|2017-08-10|https://jurisprudencia.stf.jus.br/pages/search/despacho770696/false|ESTADO DO PARANÁ|UNIÃO|O Estado do Paraná ajuizou uma ação civil originária contra a União, o Banco Central do Brasil e o Banco do Estado do Paraná, buscando a anulação de contratos que envolviam a aquisição de títulos públicos considerados ilegais e prejudiciais aos cofres públicos, alegando violação ao Código Civil e ofensa à ordem pública. O Ministro Gilmar Mendes, ao decidir, declarou a decadência e prescrição dos pedidos de anulação relacionados aos contratos firmados entre 1998 e 2000, e julgou improcedente o pedido de anulação da multa prevista no contrato 11/98, afirmando não haver nulidade absoluta nos contratos questionados.
1972|ALEXANDRE DE MORAES|2018-09-20|https://jurisprudencia.stf.jus.br/pages/search/despacho910466/false|ESTADO DE ALAGOAS|UNIÃO|O Estado de Alagoas, por meio de seu Procurador-Geral, ajuizou uma Ação Cível Originária contra a União, solicitando que as receitas do Fundo Estadual de Combate e Erradicação da Pobreza (FECOEP) fossem excluídas do cálculo da Receita Líquida dos Impostos e Transferências Constitucionais e Legais, para impactar os limites de gastos em saúde e educação. O Ministro Alexandre de Moraes decidiu pela improcedência do pedido, revogando a liminar anterior e afirmando que o FECOEP deve ser considerado na Receita Líquida para os cálculos mínimos de investimentos em saúde e educação.
2805|EDSON FACHIN|2016-01-21|https://jurisprudencia.stf.jus.br/pages/search/despacho599980/false|ESTADO DE ALAGOAS|ESTADO|O Estado de Alagoas ajuizou uma Ação Cível Originária solicitando a suspensão da exigência de condições impostas pela União para a celebração de aditivos ao contrato de refinanciamento de sua dívida, conforme o Decreto n. 8.616/2015. O Autor argumentou que essas condições, especialmente a desistência de ações judiciais relacionadas à dívida, causariam lesão ao Estado e à população alagoana. A Ministra Cármen Lúcia deferiu parcialmente a liminar, afastando a necessidade de desistência de ações judiciais para a celebração do aditivo ao contrato de refinanciamento da dívida pública estadual.
2922|EDSON FACHIN|2016-09-28|https://jurisprudencia.stf.jus.br/pages/search/despacho682866/false|ESTADO DO RIO GRANDE DO SUL|ESTADO|O Estado do Rio Grande do Sul ajuizou uma Ação Cível Originária solicitando a exclusão do adicional do ICMS destinado ao Fundo de Proteção e Amparo Social do Estado do Rio Grande do Sul (AMPARA/RS) do cálculo da Receita Líquida de Impostos e Transferências Constitucionais (RLIT), da Receita Líquida Real (RLR), e das contribuições para o PASEP e o FUNDEB. O Estado alegou que a inclusão dessa receita distorce suas obrigações financeiras e resulta em sobrecargas orçamentárias indevidas. O Ministro Edson Fachin deferiu parcialmente a tutela provisória, determinando à União que excluísse a receita do AMPARA/RS da base de cálculo da RLR, enquanto o processo seguia, mas não acatou o pedido em relação à RLIT e demais contribuições.
2922|EDSON FACHIN|2023-05-31|https://jurisprudencia.stf.jus.br/pages/search/despacho1410650/false|ESTADO DO RIO GRANDE DO SUL|ESTADO|O Estado do Rio Grande do Sul ajuizou uma Ação Cível Originária solicitando a exclusão da receita do adicional do ICMS destinado ao Fundo de Proteção e Amparo Social do Estado do Rio Grande do Sul (AMPARA/RS) da base de cálculo da Receita Líquida de Impostos e Transferências Constitucionais (RLITC) e da Receita Líquida Real (RLR), bem como das contribuições para o PASEP e valores destinados ao FUNDEB. O Ministro Edson Fachin deferiu parcialmente a medida liminar, determinando à União que excluísse essa receita da base de cálculo da RLR para a amortização da dívida do Estado com a União, mas não acatou o pedido em relação à RLITC e demais contribuições.
2925|CELSO DE MELLO|2016-09-29|https://jurisprudencia.stf.jus.br/pages/search/despacho676100/false|ESTADO DO ACRE|ESTADO|O Estado do Acre pediu tutela antecipada na Ação Cível Originária para assegurar a aplicação cautelar dos ajustes negociados com a União em uma reunião realizada em 20/06/2016, no contexto de um contrato de refinanciamento de dívida. O Ministro Celso de Mello deferiu o pedido, determinando a aplicação cautelar dos termos dos ajustes negociados até que o acordo federativo fosse efetivado após a aprovação do Projeto de Lei Complementar em tramitação no Congresso Nacional.
2981|LUIZ FUX|2017-05-31|https://jurisprudencia.stf.jus.br/pages/search/despacho748803/false|ESTADO DO RIO DE JANEIRO|ESTADO|O Estado do Rio de Janeiro solicitou tutela provisória na Ação Cível Originária contra a União, o Banco do Brasil e a Caixa Econômica Federal, visando medidas para reequilibrar seu orçamento diante de um déficit fiscal previsto de R$ 52 bilhões até 2018 e um estado de calamidade financeira reconhecido. O Ministro Luiz Fux deferiu parcialmente a tutela, determinando que a União se abstivesse de executar o bloqueio dos montantes relativos às contragarantias de empréstimos inadimplidos pelo Estado, celebrados antes do ajuizamento da ação, para evitar um colapso fiscal e permitir que o Estado mantivesse fôlego financeiro.
2981|LUIZ FUX|2017-06-14|https://jurisprudencia.stf.jus.br/pages/search/despacho753514/false|ESTADO DO RIO DE JANEIRO|ESTADO|O Estado do Rio de Janeiro solicitou a reconsideração da liminar concedida em 31 de maio de 2017, visando a prorrogação de um contrato de empréstimo com o Banco Interamericano de Desenvolvimento (BID) e a reversão de um bloqueio de R$ 109 milhões nas contas estaduais, além de uma extensão mais ampla da tutela, para que a União se abstivesse de executar contragarantias de contratos. O Ministro Luiz Fux decidiu ampliar a tutela provisória, determinando que a União se abstivesse de executar contragarantias e obrigações pecuniárias com o Estado, celebradas antes do ajuizamento da ação, mas indeferiu o pedido de aval para a nova operação de crédito com o BID, considerando a incapacidade do Estado de honrar suas obrigações.
2981|LUIZ FUX|2018-02-21|https://jurisprudencia.stf.jus.br/pages/search/despacho833968/false|ESTADO DO RIO DE JANEIRO|ESTADO|O Estado do Rio de Janeiro solicitou a suspensão do iminente bloqueio de R$ 507.861.744,59, referentes a obrigações de contragarantias de empréstimos inadimplidos, e alegou que a medida promovida pela Secretaria do Tesouro Nacional era contraditória ao Acordo de Recuperação Fiscal estabelecido. O Ministro Luiz Fux deferiu a tutela provisória, determinando que a União se abstivesse de executar as garantias e contragarantias relacionadas a contratos que foram objeto do acordo, justificando a decisão pela iminente crise fiscal do Estado e pela necessidade de respeitar o princípio da boa-fé nas relações entre os entes federativos.
2981|LUIZ FUX|2018-03-05|https://jurisprudencia.stf.jus.br/pages/search/despacho838765/false|ESTADO DO RIO DE JANEIRO|ESTADO|O Estado do Rio de Janeiro apresentou embargos de declaração solicitando a suspensão de um iminente bloqueio de R$ 217.107.936,25, referentes a contragarantias de empréstimos, alegando que a medida não estava abrangida pelo Acordo de Recuperação Fiscal. O Ministro Luiz Fux deferiu os embargos, esclarecendo que a tutela provisória que impedia a execução de garantias também se aplicava à nova tentativa de bloqueio, determinando que a União se abstivesse de executar essas contragarantias até ulterior deliberação, ressaltando a urgência da situação fiscal do Estado e a necessidade de assegurar o cumprimento dos acordos estabelecidos.
2981|LUIZ FUX|2018-07-05|https://jurisprudencia.stf.jus.br/pages/search/despacho887176/false|ESTADO DO RIO DE JANEIRO|ESTADO|A União interpôs agravo em face da decisão que suspendia a execução de contragarantias relacionadas a empréstimos inadimplidos do Estado do Rio de Janeiro, alegando descumprimento de decisões anteriores. O Estado do Rio de Janeiro, por sua vez, pediu que a União se abstivesse de executar essas contragarantias, referindo um iminente bloqueio de R$ 574.863.025,53, o que poderia agravar sua situação fiscal. A Ministra Cármen Lúcia deferiu o pedido do Estado, determinando que a União se abstivesse de executar as contragarantias mencionadas nas decisões anteriores, devendo restituir quaisquer valores bloqueados, enfatizando que a decisão visava manter a efetividade do processo sem antecipar um julgamento sobre o mérito da causa.
3024|ROSA WEBER|2017-10-23|https://jurisprudencia.stf.jus.br/pages/search/despacho799195/false|ESTADO DO PIAUÍ|UNIÃO|O Estado do Piauí solicitou medida cautelar para suspender, até o julgamento do mérito, o processo de desestatização da empresa distribuidora de energia elétrica CEPISA, argumentando que houve inércia da União em realizar a privatização após 20 anos e que isso resultaria em prejuízos financeiros ao Estado. A Ministra Rosa Weber indeferiu o pedido, alegando a ausência de probabilidade do direito e de perigo de dano, pois as cláusulas contratuais relacionadas à privatização estavam condicionadas a eventos futuros e incertos, e a demora não poderia ser presumida como má-fé por parte da União.
3025|EDSON FACHIN|2017-09-05|https://jurisprudencia.stf.jus.br/pages/search/despacho779791/false|ESTADO DE RONDÔNIA|UNIÃO|O Estado de Rondônia solicitou tutela antecipada para que a União e o Banco do Brasil não fossem obrigados a desistir de demandas judiciais relacionadas ao contrato de refinanciamento de dívidas, alegando que essa desistência era condição para a celebração de um termo aditivo que garantiria prazo adicional para pagamento. O Ministro Edson Fachin indeferiu o pedido, destacando que não havia um conflito federativo claro que justificasse a competência do Supremo Tribunal Federal, além de entender que a não concessão da liminar não implicaria em prejuízo imediato, pois as alegações do autor não demonstravam a urgência necessária para a suspensão do processo de desestatização.
3025|EDSON FACHIN|2017-12-19|https://jurisprudencia.stf.jus.br/pages/search/despacho821858/false|ESTADO DE RONDÔNIA|UNIÃO|O Estado de Rondônia solicitou tutela antecipada na Ação Cível Originária contra a União e o Banco do Brasil para que não fosse compelido a desistir de ações judiciais relacionadas a contratos de refinanciamento de dívidas, alegando que essa desistência era condição para a celebração de um termo aditivo necessário para o reequilíbrio fiscal. O Ministro Edson Fachin indeferiu o pedido, argumentando que não havia um conflito federativo claro que justificasse a intervenção do Supremo Tribunal Federal e que a argumentação do Estado não demonstrava a urgência necessária para suspender o processo de desestatização, além de haver relação entre as demandas judiciais mencionadas e os contratos em questão.
3045|CELSO DE MELLO|2017-11-10|https://jurisprudencia.stf.jus.br/pages/search/despacho806441/false|ESTADO DE RORAIMA|ESTADO|O Estado de Roraima solicitou tutela de urgência na Ação Cível Originária contra a União para que esta se abstivesse de aplicar restrições legais decorrentes de inscrições no SIAFI/CAUC/CADIN, que impediam o Estado de renegociar dívidas e aderir a contratos de financiamento com o Banco do Brasil. O Ministro Celso de Mello deferiu o pedido, determinando que a União não aplicasse essas restrições até o julgamento final da ação, permitindo assim que o Estado de Roraima pudesse renegociar sua dívida e acessar melhores condições contratuais para o financiamento.
3085|ROBERTO BARROSO|2017-12-21|https://jurisprudencia.stf.jus.br/pages/search/despacho822051/false|ESTADO DE ALAGOAS|ESTADO|O Estado de Alagoas solicitou tutela antecipada na Ação Cível Originária para afastar a exigência de desistência de ações judiciais relacionadas à dívida pública estadual como condição para a celebração de um aditivo ao contrato de refinanciamento de sua dívida com a União, conforme estabelecido na Lei Complementar n. 156/2016. O Ministro Roberto Barroso deferiu a medida liminar, permitindo que Alagoas pudesse celebrar o aditivo sem precisar desistir das ações judiciais em curso, considerando a urgência e os riscos financeiros que a condição imposta pela União poderia acarretar ao estado.
3085|ROBERTO BARROSO|2018-02-08|https://jurisprudencia.stf.jus.br/pages/search/despacho830671/false|ESTADO DE ALAGOAS|ESTADO|O Estado de Alagoas solicitou tutela antecipada na Ação Cível Originária para afastar a exigência de desistência de ações judiciais relacionadas à dívida pública como condição para a celebração de um aditivo ao contrato de refinanciamento de sua dívida com a União, conforme estabelecido na Lei Complementar n. 156/2016. O Ministro Roberto Barroso deferiu a medida liminar, isentando Alagoas da obrigação de desistir das ações em curso, considerando a plausibilidade do direito alegado e o risco financeiro que a condição imposta pela União poderia causar ao estado.
3085|ROBERTO BARROSO|2021-10-01|https://jurisprudencia.stf.jus.br/pages/search/despacho1242815/false|ESTADO DE ALAGOAS|ESTADO|O Estado de Alagoas solicitou o afastamento da exigência de desistência de ações judiciais como condição para aderir ao programa de refinanciamento de dívidas com a União, previsto na Lei Complementar 156/2016. O Ministro Roberto Barroso julgou procedente o pedido, entendendo que condicionar o refinanciamento à desistência de ações judiciais viola o princípio da inafastabilidade da jurisdição.
3089|RICARDO LEWANDOWSKI|2017-12-21|https://jurisprudencia.stf.jus.br/pages/search/despacho821754/false|ESTADO DE RONDÔNIA|ESTADO|O Estado de Rondônia pediu o afastamento da exigência de desistência de ações judiciais como condição para aderir ao programa de refinanciamento de dívidas com a União, previsto na Lei Complementar 156/2016. A Ministra Cármen Lúcia deferiu a liminar, dispensando o Estado de Rondônia de desistir das ações judiciais para celebrar o aditivo ao contrato de refinanciamento.
3089|RICARDO LEWANDOWSKI|2018-03-13|https://jurisprudencia.stf.jus.br/pages/search/despacho842194/false|ESTADO DE RONDÔNIA|ESTADO|O Estado de Rondônia, após ter conseguido liminar para celebrar termo aditivo ao contrato de refinanciamento de dívidas com a União sem desistir de ações judiciais, solicitou a extensão dos efeitos da tutela para impedir a rescisão do termo aditivo e suspender a cláusula que exigia a desistência das ações em 60 dias. O Ministro Ricardo Lewandowski deferiu o pedido de extensão da tutela de urgência para evitar a rescisão do contrato e suspender a cláusula que exigia a desistência das ações.
3100|GILMAR MENDES|2018-02-02|https://jurisprudencia.stf.jus.br/pages/search/despacho827177/false|ESTADO DA PARAIBA|UNIÃO|O Estado da Paraíba ajuizou ação para afastar a exigência de desistência de ações judiciais como condição para aderir ao programa de refinanciamento de dívidas com a União (Lei Complementar 156/2016), alegando que a condição viola o princípio da inafastabilidade da jurisdição. O Ministro Gilmar Mendes indeferiu o pedido de tutela de urgência, argumentando que as leis que estabelecem o programa passaram por processo legislativo regular e que o Estado da Paraíba não é obrigado a aderir ao programa.
3108|ROSA WEBER|2018-02-27|https://jurisprudencia.stf.jus.br/pages/search/despacho836133/false|ESTADO DE MINAS GERAIS|ESTADO|O Estado de Minas Gerais solicitou que a União fosse impedida de exigir valores, incluí-lo em cadastros restritivos e bloquear valores do Tesouro Estadual, alegando que, apesar de ter desistido de uma ação judicial (MS 34122) para aderir ao Regime de Recuperação Fiscal, a União bloqueou valores de suas contas e o incluiu no sistema CAUC. A Ministra Rosa Weber deferiu a tutela de urgência, determinando que a União se abstenha de exigir valores, bloquear contas, estorne o valor bloqueado e suspenda a inscrição do Estado em cadastros restritivos, considerando a plausibilidade do direito e o risco de prejuízo aos serviços essenciais.
3108|ROSA WEBER|2021-12-13|https://jurisprudencia.stf.jus.br/pages/search/despacho1264283/false|ESTADO DE MINAS GERAIS|UNIÃO|O Estado de Minas Gerais buscava impedir a União de exigir o pagamento da dívida pública, incluí-lo em cadastros de inadimplentes e bloquear valores do Tesouro Estadual. O objetivo era renegociar a dívida e aderir ao Regime de Recuperação Fiscal (RRF). A Ministra Rosa Weber havia deferido a tutela de urgência, que foi referendada pelo Plenário. Após um período de suspensão do processo para tentativa de conciliação, a União informou que o Estado já reunia condições para aderir ao RRF e requereu a readequação da tutela de urgência para limitar sua vigência. A Ministra Rosa Weber então readequou a tutela de urgência, limitando sua vigência por mais 6 meses, considerando que a medida já estava em vigor há bastante tempo e que o Estado já tinha condições de aderir ao RRF.
3109|ROBERTO BARROSO|2018-04-05|https://jurisprudencia.stf.jus.br/pages/search/despacho848631/false|ESTADO DA PARAÍBA|ESTADO|O Estado da Paraíba solicitou que, na análise do termo aditivo para refinanciamento de sua dívida com a União, não lhe fosse imputado o descumprimento dos limites de gastos com pessoal dos demais Poderes estaduais (art. 23, § 3º, da Lei de Responsabilidade Fiscal). O Ministro Roberto Barroso deferiu a liminar, entendendo que o Poder Executivo não pode ser responsabilizado pelas irregularidades fiscais dos demais Poderes e que a restrição à contratação de crédito coloca em risco a manutenção das políticas públicas do Estado.
3114|ROSA WEBER|2018-04-05|https://jurisprudencia.stf.jus.br/pages/search/despacho850418/false|ESTADO DO PARÁ|ESTADO|O Estado do Pará solicitou a extensão da liminar concedida em ação anterior para que a União não declarasse vencido o contrato de refinanciamento da dívida, não aplicasse penalidades e cancelasse a inscrição do Estado no CAUC, alegando que a inscrição se deu por pendências imputadas ao Poder Legislativo Estadual. A Ministra Rosa Weber deferiu o pedido de extensão da liminar, considerando que a inscrição do Estado no CAUC se deu por suposto descumprimento de obrigações de outros entes, o que configura violação ao princípio da intranscendência das sanções, e que a restrição ao crédito coloca em risco as políticas públicas do Estado.
3114|ROSA WEBER|2019-02-14|https://jurisprudencia.stf.jus.br/pages/search/despacho949707/false|ESTADO DO PARÁ|ESTADO|O Estado do Pará ajuizou ação contra a União para questionar a exigência de saneamento de pendências do Poder Legislativo estadual como condição para refinanciamento de sua dívida. A Ministra Rosa Weber deferiu a liminar e, após a contestação da União e a realização de conciliação infrutífera, julgou procedente a ação, determinando que a União se abstenha de exigir a regularidade fiscal do Poder Legislativo como condição para o refinanciamento da dívida do Estado.
3118|NUNES MARQUES|2022-11-15|https://jurisprudencia.stf.jus.br/pages/search/despacho1368921/false|ESTADO DO AMAPÁ|UNIÃO|O Estado do Amapá ajuizou ação contra a União para afastar a exigência de desistência de ações judiciais como condição para celebrar termo aditivo a contrato de refinanciamento de dívida pública, alegando violação ao princípio da inafastabilidade da jurisdição. O Ministro Nunes Marques indeferiu o pedido de liminar, considerando a jurisprudência do STF que reconhece a validade de cláusulas que exigem a desistência de ações judiciais em ajustes da União com entes subnacionais, e que a adesão à renegociação é voluntária e sujeita aos critérios legais.
3120|ROBERTO BARROSO|2020-04-28|https://jurisprudencia.stf.jus.br/pages/search/despacho1097279/false|ESTADO DE RONDÔNIA|ESTADO|O Estado de Rondônia ajuizou ação contra a União para afastar o impedimento de contratar operações de crédito em razão do descumprimento dos limites setoriais de despesa com pessoal por outros poderes estaduais. O Ministro Roberto Barroso deferiu a liminar e, após a contestação da União, julgou procedente o pedido, determinando que a União afaste as consequências previstas no art. 23, § 3º, da Lei de Responsabilidade Fiscal em relação ao Poder Judiciário e ao Ministério Público de Rondônia, para fins de celebração de termo aditivo ao contrato de refinanciamento da dívida do Estado.
3122|DIAS TOFFOLI|2018-04-25|https://jurisprudencia.stf.jus.br/pages/search/despacho857766/false|ESTADO DE ALAGOAS|ESTADO|O Estado de Alagoas solicitou que a União se abstenha de imputar-lhe sanções por irregularidades praticadas por Poderes e órgãos autônomos em relação aos limites de gastos com pessoal, alegando que, apesar de ter alcançado a nota 'B' no índice de desempenho fiscal e de respeitar o limite global de gastos com pessoal, a Secretaria do Tesouro Nacional negou sua pretensão de realizar operações de crédito por conta de irregularidades na Assembleia Legislativa e no Tribunal de Contas do Estado. O Ministro Dias Toffoli concedeu parcialmente a tutela de urgência, determinando que a União se abstenha de exigir dos órgãos estaduais autônomos o cumprimento do limite percentual de gastos com pessoal para a realização das operações de crédito listadas na ação.
3122|CÁRMEN LÚCIA|2021-02-19|https://jurisprudencia.stf.jus.br/pages/search/despacho1178978/false|ESTADO DE ALAGOAS|ESTADO|O Estado de Alagoas ajuizou ação cível originária contra a União para evitar a aplicação de sanções previstas na Lei de Responsabilidade Fiscal (LRF) em razão de descumprimento dos limites de gastos com pessoal por outros Poderes e órgãos autônomos estaduais. O Ministro Dias Toffoli, então relator, deferiu parcialmente a tutela de urgência para que a União não exigisse dos órgãos estaduais autônomos o cumprimento do limite de gastos com pessoal. A União interpôs agravo regimental, que foi posteriormente julgado prejudicado. A Ministra Cármen Lúcia, relatora, julgou procedente a ação, determinando que a União se abstenha de imputar ao Estado de Alagoas as sanções da LRF por pendências de outros Poderes e órgãos autônomos, confirmando a tutela de urgência e condenando a União ao pagamento de honorários advocatícios.
3215|CELSO DE MELLO|2019-01-04|https://jurisprudencia.stf.jus.br/pages/search/despacho942817/false|ESTADO DE MINAS GERAIS|ESTADO|O Estado de Minas Gerais propôs ação contra a União para impedir o bloqueio de recursos em sua conta única do tesouro estadual, decorrente da execução de um contrato de garantia. Alegou que a União não observou o devido processo legal e que o bloqueio comprometeria a prestação de serviços essenciais. O Ministro Dias Toffoli, na Presidência, deferiu a tutela provisória de urgência, suspendendo o bloqueio e a inscrição do Estado em cadastros de inadimplência, considerando o risco de dano à prestação de serviços públicos e a necessidade de garantir o devido processo legal.
3225|CELSO DE MELLO|2019-02-07|https://jurisprudencia.stf.jus.br/pages/search/despacho946774/false|ESTADO DE MINAS GERAIS|ESTADO|O Estado de Minas Gerais ajuizou ação cível originária contra a União Federal buscando suspender a execução da contragarantia do contrato nº 20/00021-9 e evitar o bloqueio de R$ 136.076.292,94. Argumentou que a União não observou o devido processo legal e que o bloqueio comprometeria a prestação de serviços essenciais. O Ministro Celso de Mello, relator, deferiu o pedido de tutela de urgência, determinando que a União se abstenha de inscrever o Estado no SIAFI/CAUC/SICONV e de bloquear o valor referente à execução da contragarantia, considerando a plausibilidade do direito e o perigo de dano.
3233|LUIZ FUX|2019-02-18|https://jurisprudencia.stf.jus.br/pages/search/despacho949892/false|ESTADO DE MINAS GERAIS|ESTADO|O Estado de Minas Gerais ajuizou ação cível originária contra a União para suspender a execução de contragarantia e o bloqueio de R$ 612.579.607,34 de sua conta única do tesouro estadual. Alegou que a União não respeitou o prazo contratual para executar a contragarantia e que o bloqueio compromete a prestação de serviços essenciais. O Ministro Luiz Fux, relator, deferiu a tutela de urgência, suspendendo a execução da contragarantia, determinando o estorno dos valores bloqueados e a abstenção da inscrição do Estado em cadastros de inadimplência, considerando a situação de calamidade financeira do Estado e a necessidade de garantir a continuidade dos serviços públicos.
3235|ROSA WEBER|2019-03-01|https://jurisprudencia.stf.jus.br/pages/search/despacho954735/false|ESTADO DE MINAS GERAIS|ESTADO|O Estado de Minas Gerais ajuizou ação contra a União para suspender a execução de contragarantias e bloqueios de valores relacionados a empréstimos, alegando que tais medidas prejudicariam suas finanças e a prestação de serviços essenciais. A Ministra Rosa Weber deferiu o pedido, determinando que a União suspenda a execução das contragarantias, evite bloqueios nas contas estaduais e devolva valores já bloqueados, destacando a necessidade de diálogo e cooperação federativa para preservar a continuidade dos serviços públicos.
3235|ROSA WEBER|2021-12-13|https://jurisprudencia.stf.jus.br/pages/search/despacho1262342/false|ESTADO DE MINAS GERAIS|ESTADO|O Estado de Minas Gerais ajuizou ação contra a União buscando suspender a execução de contragarantias em contratos de crédito e evitar bloqueios de verbas no Tesouro Estadual, enquanto negocia sua adesão ao Regime de Recuperação Fiscal (RRF). A Ministra Rosa Weber deferiu uma liminar para suspender as contragarantias, bloqueios e restrições a novos financiamentos, destacando a importância da cooperação federativa. Contudo, após mais de dois anos de vigência da medida e com a regulamentação dos requisitos do RRF pela União, a Ministra decidiu limitar a validade da liminar por mais seis meses, visando equilibrar as responsabilidades entre as partes e incentivar a continuidade das negociações.
3244|ROBERTO BARROSO|2019-03-27|https://jurisprudencia.stf.jus.br/pages/search/despacho961338/false|ESTADO DE MINAS GERAIS|ESTADO|O Estado de Minas Gerais ajuizou ação cível originária contra a União para suspender a execução de contragarantias em razão do inadimplemento de parcelas de empréstimos firmados com o Banco do Nordeste e o Banco Internacional para Reconstrução e Desenvolvimento, alegando que a União não observou o contraditório e a ampla defesa. O Ministro Roberto Barroso, relator, deferiu a liminar, suspendendo a execução das contragarantias e determinando que a União se abstenha de bloquear os valores devidos e de incluir o Estado em cadastros de inadimplência, considerando a plausibilidade do direito, o perigo de dano e a necessidade de cooperação entre os entes federados.
3244|ROBERTO BARROSO|2021-10-14|https://jurisprudencia.stf.jus.br/pages/search/despacho1244887/false|ESTADO DE MINAS GERAIS|UNIÃO|O Estado de Minas Gerais ajuizou ação para suspender a execução de contragarantias em contratos de empréstimo com garantia da União. O Ministro Roberto Barroso deferiu a liminar, suspendendo a execução e a inclusão do Estado em cadastros de inadimplência. A União pediu a revogação ou readequação da liminar, alegando desequilíbrio fiscal. O Ministro Barroso então readequou a liminar, limitando sua vigência a 6 meses, considerando que a liminar já estava em vigor há mais de 2 anos e que o Estado já tinha condições de aderir ao Regime de Recuperação Fiscal.
3244|ROBERTO BARROSO|2022-06-24|https://jurisprudencia.stf.jus.br/pages/search/despacho1317762/false|ESTADO DE MINAS GERAIS|ESTADO|O Estado de Minas Gerais ajuizou ação para suspender a execução de contragarantias em contratos de empréstimo com garantia da União. O Ministro Roberto Barroso deferiu a liminar, que foi posteriormente readequada para ter vigência de mais 6 meses. Após o fim desse prazo, o Estado solicitou nova tutela de urgência. O Ministro Barroso então deferiu a liminar, suspendendo a execução das contragarantias, impedindo a inscrição do Estado em cadastros de inadimplência e determinando a incidência imediata das vedações do art. 8º da Lei Complementar nº 159/2017, considerando a complexidade da situação fiscal do Estado e a necessidade de equilibrar os interesses das partes.
3252|MARCO AURÉLIO|2019-04-22|https://jurisprudencia.stf.jus.br/pages/search/despacho970639/false|ESTADO DE MINAS GERAIS|ESTADO|O Estado de Minas Gerais ajuizou ação cível originária contra a União buscando sustar a execução de garantias e contragarantias, em razão do inadimplemento de contratos firmados com o Banco Internacional para Reconstrução e Desenvolvimento (BIRD) e com a própria União. Alegou dificuldades financeiras agravadas pelo rompimento da barragem de Brumadinho e a iminência de adesão ao Regime de Recuperação Fiscal. O Ministro Marco Aurélio, relator, deferiu a liminar para suspender a execução das garantias e contragarantias, determinar a abstenção de bloqueios e a restituição de valores eventualmente bloqueados, além de suspender restrições e inscrições do Estado em cadastros de inadimplência, considerando a difícil situação financeira do Estado e a necessidade de garantir a continuidade dos serviços públicos essenciais.
3262|GILMAR MENDES|2019-06-19|https://jurisprudencia.stf.jus.br/pages/search/despacho992207/false|ESTADO DE GOIÁS|ESTADO|O Estado de Goiás ajuizou ação cível originária contra a União buscando suspender a execução de contragarantias de contratos de financiamento firmados com bancos públicos federais. Alegou grave crise fiscal e a impossibilidade de quitar as parcelas dos empréstimos sem comprometer a prestação de serviços públicos essenciais. O Ministro Gilmar Mendes, relator, deferiu em parte os pedidos do Estado de Goiás, determinando que a União permita o ingresso do Estado no Regime de Recuperação Fiscal (RRF) com a suspensão da execução das contragarantias, se abstenha de inscrever o Estado em cadastros restritivos e restitua valores eventualmente bloqueados. A decisão também suspendeu o pagamento das parcelas dos contratos, condicionando essa suspensão ao comprometimento do Estado com o programa de ajuste fiscal do RRF e à apresentação do Plano de Recuperação.
3262|GILMAR MENDES|2019-12-19|https://jurisprudencia.stf.jus.br/pages/search/despacho1060690/false|ESTADO DE GOIÁS|ESTADO|O Estado de Goiás solicitou a prorrogação do prazo de adesão ao Regime de Recuperação Fiscal (RRF), previsto na Lei Complementar 159/2017. Alegou que, apesar de ter cumprido várias etapas do processo, ainda não havia finalizado o Plano de Recuperação Fiscal e obtido a aprovação das leis estaduais necessárias. A União argumentou que o Estado descumpriu prazos acordados e que a prorrogação traria custos. O Ministro Gilmar Mendes deferiu parcialmente o pedido, prorrogando o prazo por mais 90 dias a partir de 6 de janeiro de 2019, mantendo as condições da decisão anterior e determinando que o Estado cumpra os prazos acordados, comunique o andamento das medidas legislativas e apresente o diagnóstico fiscal em 30 dias, sob pena de revogação da tutela de urgência.
3262|GILMAR MENDES|2020-03-27|https://jurisprudencia.stf.jus.br/pages/search/despacho1082221/false|ESTADO DE GOIÁS|ESTADO|O Estado de Goiás solicitou a prorrogação do prazo de adesão ao Regime de Recuperação Fiscal (RRF), alegando que, apesar dos esforços, o procedimento não seria finalizado até 6 de abril de 2020, quando findaria o prazo da liminar. A União concordou com a prorrogação por 25 dias, mas ressaltou que a suspensão dos pagamentos não deveria ser mantida. O Estado argumentou que a pandemia do Coronavírus impactou o andamento do processo e requereu a dilação do prazo para o final do ano. O Ministro Gilmar Mendes deferiu em parte o pedido, prorrogando o prazo por mais 180 dias a partir de 6 de abril de 2020, mantendo as condições anteriores e determinando que o Estado cumpra os prazos e comunique o andamento das medidas, sob pena de revogação da tutela de urgência.
3262|GILMAR MENDES|2020-10-20|https://jurisprudencia.stf.jus.br/pages/search/despacho1145634/false|ESTADO DE GOIÁS|ESTADO|O Estado de Goiás solicitou a extensão dos efeitos da liminar que prorrogou o prazo de adesão ao Regime de Recuperação Fiscal (RRF). Argumentou que a Lei Complementar 173/2020 suspendeu a execução de dívidas de outros Estados e que o Estado de Goiás avançou no controle de suas contas. A União contestou, afirmando que o Estado não cumpriu os requisitos para adesão ao RRF. O Ministro Gilmar Mendes indeferiu o pedido de apresentação do parecer prévio à adesão ao RRF e acolheu o pedido de prorrogação do prazo da liminar até 31 de dezembro de 2020, determinando a submissão do Estado às vedações do art. 8º da LC 159/2017 e o segredo de justiça aos autos.
3262|GILMAR MENDES|2020-12-29|https://jurisprudencia.stf.jus.br/pages/search/despacho1163305/false|ESTADO DE GOIÁS|ESTADO|O Estado de Goiás solicitou a prorrogação do prazo de adesão ao Regime de Recuperação Fiscal (RRF) e a realização de um pré-acordo. Argumentou que cumpriu os requisitos e que a demora se deve à complexidade do processo. A União afirmou que o Estado não cumpriu todos os requisitos, especialmente a privatização da SANEAGO. O Ministro Gilmar Mendes deferiu os pedidos, prorrogando o prazo até 30 de junho de 2021, mantendo a suspensão do pagamento das parcelas e determinando a realização de um pré-acordo. Considerou que o Estado cumpriu os requisitos, inclusive a privatização da SANEAGO, e que a União reconheceu a viabilidade financeira do plano.
3262|GILMAR MENDES|2023-08-22|https://jurisprudencia.stf.jus.br/pages/search/despacho1437476/false|ESTADO DE GOIÁS|ESTADO|O Estado de Goiás solicitou que fosse garantido seu direito de participar previamente da elaboração do parecer da Secretaria do Tesouro Nacional (STN) que avalia o atingimento do equilíbrio fiscal, requisito para o encerramento do Regime de Recuperação Fiscal (RRF). A União argumentou que a Nota Técnica elaborada pela STN não constitui decisão definitiva e que o Estado terá oportunidade de se manifestar posteriormente. O Ministro Gilmar Mendes decidiu parcialmente a favor do Estado, determinando que, em caso de procedimento para encerrar o RRF por atingimento do equilíbrio fiscal, o Estado de Goiás deve ser ouvido previamente antes da elaboração do parecer pela STN.
3270|LUIZ FUX|2019-02-18|https://jurisprudencia.stf.jus.br/pages/search/despacho981236/false|ESTADO DE MINAS GERAIS|ESTADO|O Estado de Minas Gerais solicitou, em medida cautelar, que a União se abstivesse de bloquear R$ 81.319.713,30 enquanto o Estado tenta aderir ao Regime de Recuperação Fiscal (RRF) conforme a Lei Complementar 159/2017, ou até que haja um posicionamento administrativo definitivo sobre a adesão. Em resposta, o Ministro Gilmar Mendes deferiu o pedido para suspender a execução da contragarantia e determinou a devolução dos valores bloqueados ao Tesouro Estadual, considerando a crise financeira de Minas Gerais e a calamidade pública devido ao rompimento da barragem de Brumadinho.
3270|LUIZ FUX|2019-05-23|https://jurisprudencia.stf.jus.br/pages/search/despacho981461/false|ESTADO DE MINAS GERAIS|ESTADO|O Estado de Minas Gerais ajuizou ação para que a União suspendesse bloqueios de valores de suas contas e devolvesse valores já bloqueados, até que se finalizassem os trâmites para sua adesão ao Regime de Recuperação Fiscal (RRF) ou houvesse uma decisão administrativa definitiva. Alega calamidade financeira, agravada pela tragédia de Brumadinho. O Ministro Luiz Fux deferiu a tutela de urgência, suspendendo a execução da contragarantia, e ordenou a devolução dos valores bloqueados, considerando o princípio da segurança jurídica e a necessidade de continuidade dos serviços públicos essenciais.
3270|DIAS TOFFOLI|2022-04-23|https://jurisprudencia.stf.jus.br/pages/search/despacho1298408/false|ESTADO DE MINAS GERAIS|UNIÃO|O Estado de Minas Gerais entrou com uma ação cível originária contra a União, pedindo que esta se abstenha de bloquear valores em suas contas sem devido processo legal, devolva valores já bloqueados e não o inscreva em cadastros de inadimplência enquanto o Estado tenta aderir ao Regime de Recuperação Fiscal. A União contestou, solicitando limite temporal para a tutela provisória. Diante dos argumentos do Estado e da ausência de avanços no projeto de lei para adesão ao regime, o ministro Dias Toffoli decidiu limitar a tutela provisória a seis meses a partir da publicação, permitindo que o processo siga seu curso após esse prazo.
3280|CELSO DE MELLO|2019-07-10|https://jurisprudencia.stf.jus.br/pages/search/despacho998020/false|ESTADO DO RIO GRANDE DO NORTE|ESTADO|O Estado do Rio Grande do Norte ajuizou uma ação cível originária contra a União para que esta suspenda a execução de contragarantias em razão de inadimplência do Estado em contratos de financiamento e que devolva valores eventualmente bloqueados. O Estado argumentou que a execução da contragarantia prejudicaria a prestação de serviços públicos essenciais e que pretendia aderir ao novo Plano de Recuperação Fiscal (PEF), que ainda aguardava aprovação legislativa. A União contestou, alegando que o Estado não atende aos requisitos do regime fiscal atual e que a execução de contragarantias é fundamental para a responsabilidade fiscal. O Ministro Dias Toffoli concedeu uma medida cautelar para suspender a exigência da contragarantia pela União até nova análise, solicitando ao Estado esclarecimentos sobre possíveis propostas de quitação ou redução da dívida para instruir melhor a decisão final.
3280|CELSO DE MELLO|2019-07-29|https://jurisprudencia.stf.jus.br/pages/search/despacho1001732/false|ESTADO DO RIO GRANDE DO NORTE|ESTADO|O Estado do Rio Grande do Norte solicitou que a União suspenda a execução das contragarantias devido à inadimplência nos contratos e estorne os valores já bloqueados, além de não inscrever o Estado em cadastros de inadimplência. Em decisão anterior, o Ministro Dias Toffoli já havia concedido medida cautelar para suspender a exigibilidade das contragarantias. Após manifestações das partes, ele determinou a exclusão do Estado dos cadastros de inadimplência federais vinculados à execução da contragarantia, mas indeferiu o pedido de estorno dos valores já bloqueados, considerando que tal medida exigiria análise aprofundada.
3285|ALEXANDRE DE MORAES|2019-07-17|https://jurisprudencia.stf.jus.br/pages/search/despacho1001761/false|ESTADO DO AMAPÁ|ESTADO|O Estado do Amapá solicitou ao STF uma liminar para suspender a execução das contragarantias pela União e a inclusão nos cadastros de inadimplência devido a inadimplência em contratos de financiamento, além da devolução dos valores bloqueados, argumentando que tal execução comprometeria a continuidade de políticas públicas essenciais. A União defendeu que o bloqueio é necessário para manter a segurança jurídica das operações de crédito e apontou que o Estado do Amapá não cumpre os requisitos para adesão ao Plano de Recuperação Fiscal vigente. O Ministro Alexandre de Moraes concedeu a suspensão temporária da exigibilidade da contragarantia pela União, até que o processo seja devidamente instruído.
3325|ALEXANDRE DE MORAES|2019-12-16|https://jurisprudencia.stf.jus.br/pages/search/despacho1057925/false|ESTADO DE ALAGOAS|ESTADO|O Estado de Alagoas pediu ao STF que a União se abstivesse de aplicar sanções, como o impedimento de transferências e a inclusão em cadastros restritivos, por supostas violações do limite de gastos com pessoal cometidas por órgãos autônomos, como o Legislativo e o Judiciário estaduais. O Estado argumentou que tais órgãos têm independência administrativa, e o Executivo não pode ser penalizado por suas infrações. O Ministro Alexandre de Moraes concedeu parcialmente a medida cautelar, determinando que a União se abstenha de aplicar sanções ao Executivo alagoano devido às infrações dos outros poderes estaduais, até decisão final da ação.
3333|GILMAR MENDES|2019-12-27|https://jurisprudencia.stf.jus.br/pages/search/despacho1059917/false|ESTADO DE GOIÁS|UNIÃO|O Estado de Goiás solicitou que a União fosse impedida de exigir o cumprimento do limite de restos a pagar, previsto na Lei de Responsabilidade Fiscal, como condição para a celebração de convênios e transferências durante a adesão ao Regime de Recuperação Fiscal (RRF). Alegou que o desrespeito a esse limite ocorreu por administrações passadas e que a sanção prejudica sua recuperação fiscal. A União se opôs, destacando que o RRF exige ajustes fiscais equilibrados e não contempla exceções ao limite de restos a pagar. O Ministro Dias Toffoli indeferiu a liminar, mantendo a obrigação de Goiás em seguir as exigências fiscais do RRF.
3333|GILMAR MENDES|2019-12-31|https://jurisprudencia.stf.jus.br/pages/search/despacho1061622/false|ESTADO DE GOIÁS|ESTADO|O Estado de Goiás interpôs embargos de declaração para que o STF esclarecesse a decisão anterior, argumentando que deveria ser aplicado o princípio da intranscendência das sanções, que isenta a atual gestão de penalidades devidas a administrações passadas. O Estado também apontou uma contradição, afirmando que o artigo 25, §1º, IV, “c”, da LRF, que impõe limites de restos a pagar, é suspenso para estados em Regime de Recuperação Fiscal. O Ministro Dias Toffoli acolheu os embargos e determinou que a União se abstenha de exigir o cumprimento desse limite para o Estado de Goiás na celebração de convênios e repasses, até nova decisão do Relator.
3363|ALEXANDRE DE MORAES|2020-03-22|https://jurisprudencia.stf.jus.br/pages/search/despacho1077291/false|ESTADO DE SÃO PAULO|ESTADO|O Estado de São Paulo ajuizou uma ação com pedido de liminar contra a União, buscando suspender temporariamente o pagamento da dívida refinanciada com a União devido à pandemia de COVID-19. O Estado alegou que a crise sanitária e econômica causada pela pandemia aumentou os gastos em saúde pública e reduziu a arrecadação, tornando inviável o pagamento da parcela mensal de R$ 1,2 bilhão. O Ministro Alexandre de Moraes deferiu a liminar, determinando a suspensão do pagamento por 180 dias, condicionada à comprovação de que os valores serão aplicados no combate à pandemia pela Secretaria da Saúde.
3363|ALEXANDRE DE MORAES|2020-04-02|https://jurisprudencia.stf.jus.br/pages/search/despacho1090641/false|ESTADO DE SÃO PAULO|ESTADO|O Estado de São Paulo entrou com petição alegando que a União descumpriu a liminar concedida para suspender o pagamento de parcelas da dívida por 180 dias, ao rebaixar a classificação de Capacidade de Pagamento do Estado, com base na suspensão dos pagamentos autorizada judicialmente. O Estado relatou que tal ato impede o acesso a novas operações de crédito e rebaixou sua nota de crédito. O Ministro Alexandre de Moraes reconheceu o descumprimento da decisão e invalidou o ato da Secretaria do Tesouro Nacional que havia suspendido a classificação de Capacidade de Pagamento, concedendo 48 horas para a União justificar o descumprimento da liminar.
3365|ALEXANDRE DE MORAES|2020-03-23|https://jurisprudencia.stf.jus.br/pages/search/despacho1077095/false|ESTADO DA BAHIA|ESTADO|O Estado da Bahia solicitou a suspensão temporária de seis meses das parcelas da dívida com a União, previstas no contrato nº 006/97 STN/COAFI e seus aditivos, em razão da crise financeira decorrente da pandemia de COVID-19. Alegando necessidade de destinar recursos para a saúde pública e combate ao vírus, o autor pediu que a União fosse impedida de aplicar multas, restrições cadastrais ou bloqueios de transferências federais. O ministro Alexandre de Moraes concedeu a liminar, autorizando a suspensão dos pagamentos pelo prazo de 180 dias, condicionada à comprovação de aplicação dos valores em ações de combate à pandemia, com proibição de sanções pela União durante esse período.
3367|ALEXANDRE DE MORAES|2020-03-25|https://jurisprudencia.stf.jus.br/pages/search/despacho1078041/false|ESTADO DO PARANÁ|ESTADO|O Estado do Paraná solicitou a suspensão por seis meses do pagamento das parcelas da dívida com a União, previstas no contrato nº 011/98 STN/COAFI e seus aditivos, devido à crise provocada pela pandemia de COVID-19, que comprometeu severamente a arrecadação estadual e aumentou os gastos com saúde pública. Argumentou que a inadimplência acarretaria sanções contratuais prejudiciais, como bloqueios e retenções de recursos. O ministro Alexandre de Moraes deferiu a liminar, autorizando a suspensão dos pagamentos por 180 dias, condicionada à comprovação de uso dos valores em ações de combate à pandemia, e proibiu sanções da União durante o período de vigência da liminar.
3368|ALEXANDRE DE MORAES|2020-03-25|https://jurisprudencia.stf.jus.br/pages/search/despacho1078737/false|ESTADO DA PARAÍBA|ESTADO|O Estado da Paraíba solicitou a suspensão temporária, por 180 dias, do pagamento de prestações devidas em contratos com a União, Banco do Brasil, Caixa Econômica Federal e BNDES, devido à pandemia de COVID-19, que impactou gravemente sua arrecadação e aumentou os gastos com saúde pública. O ministro Alexandre de Moraes deferiu parcialmente a liminar, autorizando a suspensão dos pagamentos referentes ao Contrato de Consolidação e Refinanciamento da dívida com a União, condicionada à comprovação de uso dos valores na Secretaria de Saúde para o combate à pandemia.
3370|ALEXANDRE DE MORAES|2020-03-26|https://jurisprudencia.stf.jus.br/pages/search/despacho1078739/false|ESTADO DE SANTA CATARINA|ESTADO|O Estado de Santa Catarina solicitou a suspensão por 12 meses do pagamento de parcelas de sua dívida com a União e o Banco do Brasil, citando a grave crise econômica e de saúde causada pela pandemia de COVID-19. O ministro Alexandre de Moraes deferiu parcialmente o pedido, autorizando a suspensão por 180 dias dos pagamentos referentes ao Contrato de Consolidação e Refinanciamento da dívida pública com a União, com a condição de que os valores economizados sejam integralmente aplicados na saúde pública.
3371|ALEXANDRE DE MORAES|2020-03-27|https://jurisprudencia.stf.jus.br/pages/search/despacho1079971/false|ESTADO DE MATO GROSSO DO SUL|ESTADO|O Estado de Mato Grosso do Sul solicitou a suspensão por seis meses dos pagamentos das parcelas de sua dívida com a União, devido ao impacto financeiro da pandemia de COVID-19. Alega que a crise econômica e as medidas sanitárias afetam severamente a arrecadação e aumentam os gastos na área de saúde, impossibilitando o cumprimento do contrato. O ministro Alexandre de Moraes deferiu a medida liminar, autorizando a suspensão por 180 dias dos pagamentos relativos ao contrato com a União, com a condição de que os valores economizados sejam integralmente aplicados na saúde pública.
3372|ALEXANDRE DE MORAES|2020-03-27|https://jurisprudencia.stf.jus.br/pages/search/despacho1079907/false|ESTADO DO ACRE|ESTADO|O Estado do Acre solicitou a suspensão por 180 dias do pagamento das parcelas de sua dívida com a União e o Banco do Brasil, devido aos impactos da pandemia de COVID-19, pedindo que a inadimplência não seja considerada e que as transferências de recursos federais não sejam retidas. O ministro Alexandre de Moraes deferiu a liminar, determinando a suspensão dos pagamentos pelos próximos seis meses, desde que o Estado comprove a aplicação dos recursos na área de saúde para enfrentamento da pandemia.
3372|ALEXANDRE DE MORAES|2020-04-23|https://jurisprudencia.stf.jus.br/pages/search/despacho1095131/false|ESTADO DO ACRE|UNIÃO|O Estado do Acre alegou descumprimento de liminar pelo Banco do Brasil, que debitou R$ 676.728,84 da conta do Estado, referente ao contrato 94/00010-7/94. A União esclareceu que esse valor se referia a um contrato entre a União e a Companhia de Habitação do Acre (COAHB), não alcançado pela liminar que suspendeu apenas os pagamentos de contratos firmados diretamente entre o Estado e a União. O Ministro Alexandre de Moraes esclareceu o erro material na decisão inicial e indeferiu o pedido de estorno.
3373|ALEXANDRE DE MORAES|2020-06-02|https://jurisprudencia.stf.jus.br/pages/search/despacho1106550/false|ESTADO DO PARÁ|ESTADO|O Estado do Pará ajuizou Ação Civil Originária para suspender o pagamento de prestações de dívidas com a União, visando redirecionar recursos ao combate à COVID-19. Com a entrada em vigor da Lei Complementar 173/2020, o Estado solicitou a renúncia ao direito que fundamentava a ação, requerendo, para o contrato DMLP, a continuidade dos efeitos da liminar por 10 dias para quitar a prestação sem encargos de inadimplência. O Ministro Alexandre de Moraes homologou a renúncia e extinguiu o processo com mérito, mantendo os efeitos da liminar pelo prazo solicitado, sem condenação em honorários.
3374|ALEXANDRE DE MORAES|2020-03-28|https://jurisprudencia.stf.jus.br/pages/search/despacho1079910/false|ESTADO DE ALAGOAS|ESTADO|O Estado de Alagoas propôs Ação Civil Originária contra a União e o Banco do Brasil, requerendo liminar para suspender o pagamento das parcelas da dívida refinanciada pelo Contrato nº 17/98-STN/COAFI, fundamentada na Lei nº 9.496/97, pelo prazo de 6 meses, devido ao impacto financeiro da pandemia de COVID-19. Argumentou que o cumprimento das parcelas comprometeria o orçamento público, principalmente em um contexto de queda de arrecadação causada pela suspensão de atividades econômicas, ameaçando a manutenção de serviços essenciais e salários. O Ministro Alexandre de Moraes deferiu a liminar, determinando a suspensão dos pagamentos por 180 dias, com a condição de que os valores sejam aplicados exclusivamente em ações de combate à pandemia, proibindo a União de impor penalidades contratuais durante a vigência da liminar.
3375|ALEXANDRE DE MORAES|2020-03-30|https://jurisprudencia.stf.jus.br/pages/search/despacho1081057/false|ESTADO DO ESPÍRITO SANTO|ESTADO|O Estado do Espírito Santo ajuizou ação contra a União e o Banco do Brasil pedindo liminar para suspender por 180 dias o pagamento das parcelas da dívida refinanciada, cerca de R$ 10,9 milhões mensais, devido ao impacto financeiro da pandemia de COVID-19, que aumentou as despesas com saúde e reduziu a arrecadação estadual. O Estado alegou que, caso as parcelas não sejam pagas, haverá possibilidade de bloqueio de recursos estaduais e outras sanções. O Ministro Alexandre de Moraes concedeu parcialmente a liminar, determinando a suspensão do pagamento desde que o valor seja comprovadamente aplicado na Secretaria de Saúde para o combate à pandemia, impedindo a União de adotar medidas de cobrança enquanto a liminar estiver vigente.
3376|ALEXANDRE DE MORAES|2020-04-01|https://jurisprudencia.stf.jus.br/pages/search/despacho1082180/false|ESTADO DO AMAZONAS|ESTADO|O Estado do Amazonas entrou com ação contra a União, solicitando a suspensão temporária do pagamento das parcelas de contratos de refinanciamento de dívida com a União devido à pandemia de COVID-19. A crise sanitária aumentou os gastos em saúde pública e provocou queda na arrecadação estadual, especialmente por conta da retração em setores industriais do Polo Industrial de Manaus, o que levou o Estado a estimar uma redução de 40% na arrecadação anual. Com base no risco de comprometimento dos recursos destinados à saúde, o Ministro Alexandre de Moraes deferiu parcialmente a liminar, determinando a suspensão dos pagamentos por 180 dias, desde que o Estado comprove a aplicação desses valores em ações de combate à pandemia, impedindo a União de adotar medidas de cobrança enquanto a liminar estiver vigente.
3377|ALEXANDRE DE MORAES|2020-04-01|https://jurisprudencia.stf.jus.br/pages/search/despacho1082711/false|ESTADO DE RONDÔNIA|ESTADO|O Estado de Rondônia ingressou com ação contra a União, solicitando a suspensão temporária de 180 dias dos pagamentos referentes ao Contrato nº 003/98/STN/COAF e ao parcelamento judicial na Ação Civil nº 3637, visando destinar os recursos para combater a pandemia de COVID-19. Rondônia argumenta que a crise sanitária aumentou substancialmente os gastos com saúde e seguridade social e prevê uma significativa queda de arrecadação devido ao impacto da quarentena na atividade econômica, especialmente no comércio local. O Ministro Alexandre de Moraes deferiu parcialmente a liminar, determinando a suspensão do pagamento das parcelas mencionadas por 180 dias, sob a condição de que os valores sejam integralmente aplicados em ações contra o coronavírus, e proibiu a União de tomar medidas de cobrança enquanto vigorar a liminar.
3379|ALEXANDRE DE MORAES|2020-04-06|https://jurisprudencia.stf.jus.br/pages/search/despacho1090803/false|ESTADO DO MATO GROSSO|ESTADO|O Estado de Mato Grosso, em ação contra a União e o Banco do Brasil, requereu liminar para suspender o pagamento das parcelas do contrato de refinanciamento de dívida firmado sob o nº 002/STN/COAFI, por 180 dias, devido à necessidade de redirecionar recursos para enfrentar a crise de saúde causada pela COVID-19. O Estado alegou que as medidas de contenção do vírus aumentaram as despesas e impactaram a arrecadação, tornando impossível o cumprimento simultâneo das obrigações financeiras e o atendimento à saúde pública. O Ministro Alexandre de Moraes deferiu a liminar, determinando a suspensão temporária dos pagamentos e proibindo a União de adotar medidas de cobrança, desde que o Estado comprove a aplicação dos valores em ações de combate à pandemia.
3380|ALEXANDRE DE MORAES|2020-04-06|https://jurisprudencia.stf.jus.br/pages/search/despacho1091146/false|ESTADO DE SERGIPE|ESTADO|O Estado de Sergipe solicitou medida liminar para suspender o pagamento das parcelas de sua dívida com a União, decorrente do Contrato de Confissão, Assunção, Consolidação e Refinanciamento de Dívidas nº 005/97 STN/COAFI, com o objetivo de destinar os recursos ao combate à COVID-19. O Estado argumentou que o impacto da pandemia resultou em aumento significativo das despesas de saúde e redução da arrecadação, tornando inviável o cumprimento das obrigações financeiras sem comprometer a resposta à crise sanitária. O Ministro Alexandre de Moraes deferiu a liminar, suspendendo o pagamento por 180 dias e determinando que Sergipe comprove a aplicação dos valores na Secretaria da Saúde para ações contra o coronavírus.
3387|ALEXANDRE DE MORAES|2020-06-02|https://jurisprudencia.stf.jus.br/pages/search/despacho1106553/false|ESTADO DO TOCANTINS|UNIÃO|O Estado do Tocantins propôs ação para suspender a execução das contragarantias em contratos com a União e impedir a inclusão nos cadastros de inadimplência, além de solicitar a devolução de valores bloqueados. Com a entrada da Lei Complementar 173/2020, o Estado pediu a homologação de renúncia ao direito e o estorno do valor debitado, argumentando que a lei retroage para garantir os valores desde março de 2020. Contudo, o Ministro Alexandre de Moraes indeferiu o pedido de estorno, explicando que a retroatividade se aplica apenas aos contratos de refinanciamento com a União, conforme a Lei 9.496/1997 e MP 2.192-70/2001, não abrangendo contratos com instituições financeiras. A renúncia ao direito foi homologada, extinguindo o processo com resolução de mérito, e a condenação em honorários foi afastada, devido à excepcionalidade do momento.
3390|ALEXANDRE DE MORAES|2020-04-22|https://jurisprudencia.stf.jus.br/pages/search/despacho1095171/false|DISTRITO FEDERAL|ESTADO|O Distrito Federal ajuizou ação com pedido de liminar para suspender o pagamento de dívida com a União, alegando a necessidade de destinar recursos ao combate à COVID-19. Sustentou que a crise gerou alta de despesas com saúde e queda de arrecadação, tornando a quitação do contrato nº 003/99/STN/COAFI excessivamente onerosa e afetando o orçamento destinado ao combate à pandemia. O Ministro Alexandre de Moraes deferiu a liminar, determinando a suspensão do pagamento das parcelas por 180 dias, condicionada à comprovação de que os valores serão usados exclusivamente nas ações contra a COVID-19.
3394|ALEXANDRE DE MORAES|2020-06-02|https://jurisprudencia.stf.jus.br/pages/search/despacho1106535/false|ESTADO DO TOCANTINS|UNIÃO|O Estado do Tocantins ajuizou ação contra a União, Mediocredito Centrale S.P.A e Banco Bilbao Vizcaya Argentaria S.A., requerendo liminar para suspender a execução de contragarantias, impedir a inclusão do estado nos cadastros de inadimplência e solicitar a devolução de valores bloqueados devido ao inadimplemento de contratos. Com a entrada da LC 173/2020, o Estado pediu renúncia à ação, alegando direito ao estorno dos valores bloqueados, dado o efeito retroativo da lei. O ministro Alexandre de Moraes decidiu que a retroatividade da LC 173/2020 não se aplica a contratos com instituições financeiras, mas apenas àqueles firmados diretamente entre estados e a União. Assim, homologou o pedido de renúncia ao direito da ação, extinguindo o processo com resolução de mérito e sem condenação em honorários.
3401|EDSON FACHIN|2020-05-27|https://jurisprudencia.stf.jus.br/pages/search/despacho1105174/false|ESTADO DE RONDÔNIA|ESTADO|O Estado de Rondônia ajuizou ação contra a União, solicitando medida liminar para obrigar a Secretaria do Tesouro Nacional a assinar o oitavo termo aditivo de um contrato de refinanciamento de dívidas, firmado inicialmente para liquidar o extinto Banco do Estado de Rondônia. O estado argumentou que a União impôs requisitos excessivos para a assinatura do termo aditivo, como a quitação de uma suposta dívida, e alegou que a pandemia da COVID-19 inviabiliza o pagamento imediato. O Ministro Edson Fachin deferiu parcialmente o pedido, ordenando que a União se abstenha de revogar o prazo adicional e a redução extraordinária da dívida concedidos pela LC 156/2016, enquanto durar o estado de calamidade pública.
3431|ALEXANDRE DE MORAES|2020-09-29|https://jurisprudencia.stf.jus.br/pages/search/despacho1139074/false|ESTADO DO AMAPÁ|ESTADO|O Estado do Amapá ajuizou ação contra a União, solicitando tutela de urgência para suspender imediatamente a cobrança de contragarantias enquanto discute um acordo junto à Câmara de Conciliação e Arbitragem da AGU e pedindo um prazo para implementação do PAF e reestruturação da dívida até 31/12/2020. O Amapá argumentou que uma decisão anterior na ACO 3285 já havia suspendido essas cobranças, mas que a União passou a exigir o pagamento imediato de R$ 176 milhões, sob risco de sequestro dos repasses constitucionais do Estado. O Estado apontou risco de paralisia de serviços essenciais e violação ao devido processo legal. O Ministro Alexandre de Moraes deferiu a tutela de urgência, determinando à União que suspendesse a execução dos valores até o julgamento final da ação.
3457|DIAS TOFFOLI|2020-12-24|https://jurisprudencia.stf.jus.br/pages/search/despacho1163099/false|ESTADO DO RIO DE JANEIRO|ESTADO|O Estado do Rio de Janeiro ajuizou ação contra a União para permanecer no Regime de Recuperação Fiscal (RRF), alegando que a exclusão unilateral, anunciada pela União, comprometeria gravemente suas finanças, dificultando o pagamento de dívidas, salários e serviços essenciais em plena crise da Covid-19. O Ministro Luiz Fux, ao conceder a tutela provisória, destacou a importância do federalismo cooperativo e da boa-fé entre entes federativos, determinando a manutenção do Rio de Janeiro no RRF até o julgamento final, a fim de evitar um colapso financeiro no Estado.
3457|DIAS TOFFOLI|2021-01-11|https://jurisprudencia.stf.jus.br/pages/search/despacho1163814/false|ESTADO DO RIO DE JANEIRO|ESTADO|O Estado do Rio de Janeiro opôs embargos de declaração à decisão que garantiu sua permanência no Regime de Recuperação Fiscal, solicitando esclarecimentos sobre a impossibilidade de execução de contragarantias e a vedação de sua inscrição em cadastros de inadimplência. O Estado argumenta que a União manifestou intenção de executar contragarantias, o que poderia afetar seriamente suas finanças. Em resposta, o Ministro Luiz Fux esclareceu que a tutela provisória concedida inclui a proibição de execução de garantias e contragarantias e a inscrição do Estado em cadastros de inadimplentes até decisão posterior, mantendo, assim, os benefícios do Regime de Recuperação Fiscal.
3457|DIAS TOFFOLI|2021-03-16|https://jurisprudencia.stf.jus.br/pages/search/despacho1180828/false|ESTADO DO RIO DE JANEIRO|ESTADO|A União interpôs embargos de declaração contra a decisão que garantiu a permanência do Estado do Rio de Janeiro no Regime de Recuperação Fiscal (RRF), alegando contradições e obscuridades quanto a três pontos específicos: (1) a referência à determinação do Tribunal de Contas da União (TCU) na decisão liminar, afirmando que o TCU apenas autorizou a avaliação do pedido de prorrogação do regime, sem caráter impositivo; (2) as consequências para o Estado em caso de descumprimento das obrigações do RRF, enfatizando que, pelo contrato, o Estado deve compensar os efeitos financeiros de eventual violação em até 30 dias; e (3) a inclusão do Contrato de Contragarantia nº 030/2017/PGFN/CAF, argumentando que este foi firmado após a vigência do RRF e, portanto, não deveria estar protegido pela decisão. O Ministro Dias Toffoli rejeitou os embargos, considerando que a decisão não apresentava obscuridades ou contradições e esclarecendo que a União deve manter o Estado no RRF, com todos os direitos e obrigações, até o julgamento final da questão.
3457|DIAS TOFFOLI|2021-04-22|https://jurisprudencia.stf.jus.br/pages/search/despacho1192187/false|ESTADO DO RIO DE JANEIRO|ESTADO|"O Estado do Rio de Janeiro solicitou a extensão da liminar previamente concedida, pedindo a suspensão do pagamento de sua dívida com a União até que o Novo Regime de Recuperação Fiscal, instituído pela Lei Complementar nº 178/2021, seja regulamentado. O Estado argumentou que o atraso na regulamentação do novo regime e o impacto financeiro da pandemia geraram um ""vácuo legislativo"" que compromete a saúde financeira do estado, inviabilizando o cumprimento de obrigações essenciais, como salários e despesas públicas. A União contestou o pedido, alegando que o Estado anteriormente havia indicado que poderia alcançar equilíbrio fiscal em 2022 e, portanto, não justificaria agora o pedido de suspensão de pagamentos. Ao analisar o caso, o Ministro Dias Toffoli destacou a importância do federalismo cooperativo e a necessidade de garantir a continuidade administrativa do Estado, decidindo, assim, por deferir a extensão da liminar. Dessa forma, o pagamento da dívida do Rio de Janeiro com a União fica suspenso até a regulamentação do novo regime de recuperação fiscal."
3485|GILMAR MENDES|2021-04-08|https://jurisprudencia.stf.jus.br/pages/search/despacho1186970/false|ESTADO DE SANTA CATARINA|UNIÃO|O Estado de Santa Catarina ajuizou ação cível originária com pedido de tutela provisória de urgência contra a União, visando suspender penalidades aplicadas pela Secretaria do Tesouro Nacional devido ao suposto descumprimento do limite de despesas previsto no art. 4º da Lei Complementar nº 156/2016, relativo ao ano de 2018. O Estado alega que o aumento das despesas foi decorrente de aplicações constitucionais obrigatórias em saúde, educação e precatórios e, portanto, fora de sua alçada de controle. Diante disso, pleiteia a anulação do ato que impôs penalidades, afirmando que o novo regime da LC 178/2021 exclui essas despesas obrigatórias do teto de gastos, sendo necessária a suspensão das penalidades até a regulamentação dessa nova norma. A União, por sua vez, argumentou a falta de interesse processual do Estado, sugerindo que a questão poderia ser resolvida administrativamente via termo aditivo, conforme previsto na LC 178/2021. O ministro Gilmar Mendes indeferiu a tutela antecipada solicitada, porém concedeu tutela cautelar, determinando que o Estado faça o pedido administrativo do termo aditivo e suspendendo o processo até 1º de junho de 2021 para que a União informe o andamento das negociações.
3485|GILMAR MENDES|2021-05-24|https://jurisprudencia.stf.jus.br/pages/search/despacho1202770/false|ESTADO DE SANTA CATARINA|UNIÃO|O Estado de Santa Catarina apresentou embargos de declaração contra a decisão que concedeu tutela de urgência cautelar e suspendeu o processo para a análise administrativa de um termo aditivo com base no art. 4º-A da LC 156/2016, argumentando que a decisão foi obscura e omissa ao não considerar que as penalidades, conforme LC 178/2021, seriam recalculadas e mantidas no saldo devedor, e que o perigo de cobrança das penalidades ainda seria iminente. A União sustentou que os embargos pretendiam rediscutir a decisão sem demonstrar obscuridade ou omissão. O ministro Gilmar Mendes rejeitou os embargos, afirmando que as penalidades estavam suspensas até 31 de dezembro de 2021, conforme a LC 181/2021, eliminando o risco imediato, e concluiu que não havia omissão ou obscuridade na decisão, mantendo a suspensão do processo.
3485|GILMAR MENDES|2021-11-22|https://jurisprudencia.stf.jus.br/pages/search/despacho1256552/false|ESTADO DE SANTA CATARINA|ESTADO|O Estado de Santa Catarina solicitou tutela provisória incidental para suspender as penalidades impostas pela União por suposto descumprimento do limite de gastos, conforme a Lei Complementar 156/2016, nos exercícios de 2018 e 2019. O Estado alega cumprir os percentuais constitucionais mínimos para saúde, educação e precatórios e considera as penalidades indevidas, mesmo com a possibilidade de diluição do pagamento via termo aditivo conforme a LC 178/2021 e o Decreto 10.819/2021. A União defendeu a legalidade das penalidades e a validade dos termos acordados pela LC 156/2016, argumentando que o Estado de Santa Catarina agiu em desacordo com os princípios da boa-fé e pacta sunt servanda ao questionar os termos após usufruir dos benefícios. Diante dos argumentos, o Ministro Gilmar Mendes deferiu parcialmente a tutela para suspender a aplicação de penalidades até o julgamento final, considerando a diferença entre o aumento das despesas obrigatórias e a variação do IPCA, e determinou a citação da União para contestação.
3485|GILMAR MENDES|2022-09-19|https://jurisprudencia.stf.jus.br/pages/search/despacho1340899/false|ESTADO DE SANTA CATARINA|ESTADO|O Estado de Santa Catarina moveu ação contra a União para suspender penalidades aplicadas pela Secretaria do Tesouro Nacional pelo suposto descumprimento do teto de gastos em 2018, conforme a Lei Complementar 156/2016. O Estado alegou que o aumento nas despesas foi impulsionado por obrigações constitucionais, como saúde e educação, que são calculadas sobre percentuais da receita líquida. Requereu a anulação das sanções e argumentou que a LC 178/2021 havia flexibilizado essas exigências para gastos obrigatórios, tornando as penalidades inconstitucionais. A União contestou, afirmando que o Estado tinha ciência das condições ao assinar o aditivo contratual. Em decisão, o Ministro Gilmar Mendes acolheu parcialmente o pedido, suspendendo as penalidades para os exercícios de 2018 e 2019 e excluindo as despesas obrigatórias do cálculo do teto, além de condenar a União ao pagamento de honorários advocatícios ao Estado.
3544|GILMAR MENDES|2021-12-16|https://jurisprudencia.stf.jus.br/pages/search/despacho1266202/false|ESTADO DO AMAPÁ|UNIÃO|O Estado do Amapá moveu ação contra a União buscando suspender ato da Secretaria do Tesouro Nacional (STN), que o impediu de aderir ao Regime de Recuperação Fiscal (RRF) sob alegação de descumprimento do requisito de comprometimento de despesas correntes, conforme a Lei Complementar 159/2017. O Estado alegou que, se considerados integralmente os valores das honras de aval pela União (principal e juros), cumpriria o critério de comprometimento. A União argumentou que apenas despesas correntes deveriam ser computadas, e a inclusão de amortizações de dívida pública, que são despesas de capital, violaria a lei. O relator, Ministro Gilmar Mendes, indeferiu o pedido de tutela de urgência por ausência dos requisitos legais, destacando que há alternativas administrativas para renegociar a dívida.
3586|ALEXANDRE DE MORAES|2022-07-22|https://jurisprudencia.stf.jus.br/pages/search/despacho1322088/false|ESTADO DO MARANHÃO|ESTADO|O Estado do Maranhão ingressou com ação contra a União e diversos bancos para suspender o pagamento de parcelas da dívida pública, argumentando que a queda de receitas estaduais, devido às Leis Complementares 192/2022 e 194/2022, inviabilizava o adimplemento das obrigações. Solicitou, também, a suspensão das contragarantias e a proibição de bloqueios de repasses federais, sob risco de paralisação de serviços essenciais. Em decisão liminar, o Ministro Alexandre de Moraes deferiu o pedido, considerando a necessidade de cooperação entre entes federativos e o impacto das restrições tributárias impostas pelas referidas leis. A União foi impedida de executar contragarantias enquanto vigorasse a decisão, e as partes foram intimadas a apresentar contestação.
3590|ALEXANDRE DE MORAES|2022-07-31|https://jurisprudencia.stf.jus.br/pages/search/despacho1322698/false|ESTADO DE SÃO PAULO|ESTADO|O Estado de São Paulo ajuizou ação contra a União requerendo liminarmente a compensação imediata das parcelas de sua dívida administradas pela STN, com as perdas de ICMS sobre gasolina, energia elétrica e comunicações que excederem 5%, conforme art. 3º da LC nº 194/2022, além da exclusão de cadastros de inadimplência e suspensão de impedimentos em operações de crédito. O Ministro Alexandre de Moraes deferiu a liminar, justificando a medida pela necessidade de manter o equilíbrio federativo e a continuidade dos serviços públicos, reconhecendo os requisitos de fumus boni iuris e periculum in mora.
3590|ALEXANDRE DE MORAES|2023-05-02|https://jurisprudencia.stf.jus.br/pages/search/despacho1401164/false|ESTADO DE SÃO PAULO|ESTADO|O Estado de São Paulo solicitou a extensão de liminar concedida na Ação Cível Originária para continuar compensando, durante 2023, parcelas de sua dívida com a União com perdas de ICMS decorrentes da LC nº 194/2022. Em 28/12/2022, a medida foi autorizada até 02/04/2023, com instruções para que a União se abstivesse de inserir o Estado no CAUC. Posteriormente, São Paulo foi notificado de inclusão no CAUC por suposta inadimplência, motivando novo pedido para exclusão imediata, dado o descumprimento da decisão anterior. O Ministro Alexandre de Moraes deferiu o pedido, ordenando a retirada do registro no CAUC e reforçando a validade da compensação das perdas de ICMS até a data limite.
3594|GILMAR MENDES|2022-08-19|https://jurisprudencia.stf.jus.br/pages/search/despacho1331563/false|ESTADO DE MINAS GERAIS|ESTADO|O Estado de Minas Gerais, por meio de Ação Cível Originária contra a União, solicitou tutela de urgência para suspender as cobranças das parcelas da dívida com a União e permitir a compensação dessas com perdas de arrecadação de ICMS decorrentes das Leis Complementares 192 e 194/2022. O pedido incluiu ainda que o Estado não fosse inscrito em cadastros de inadimplência. A decisão do Ministro Gilmar Mendes deferiu parcialmente o pedido, permitindo a compensação imediata das parcelas vincendas com as perdas de ICMS e ordenando que a União se abstivesse de registrar o Estado em cadastros de inadimplência, mantendo a classificação de crédito (Capag) do Estado.
3594|GILMAR MENDES|2022-08-26|https://jurisprudencia.stf.jus.br/pages/search/despacho1333164/false|ESTADO DE MINAS GERAIS|UNIÃO|O Estado de Minas Gerais solicitou reconsideração da decisão que concedeu parcialmente uma tutela de urgência, para que a compensação de ICMS incluísse a parcela da dívida relativa a julho de 2022, alegando prejuízo no fluxo de caixa e a necessidade de isonomia entre entes federados. O Ministro Gilmar Mendes, relator, rejeitou o pedido de reconsideração, mantendo o entendimento de que a decisão original já contemplava as perdas de ICMS acumuladas desde a entrada em vigor das Leis Complementares 192 e 194/2022, permitindo a compensação a partir de agosto de 2022.
3594|GILMAR MENDES|2023-06-09|https://jurisprudencia.stf.jus.br/pages/search/despacho1413250/false|ESTADO DE MINAS GERAIS|UNIÃO|O Estado de Minas Gerais e outros entes federativos celebraram acordo com a União, homologado pelo STF em 2 de junho de 2023, para compensar perdas de arrecadação de ICMS decorrentes da Lei Complementar nº 194/2022, com o pagamento de R$ 27 bilhões pela União. Em razão desse acordo, a União solicitou e obteve a revogação da tutela de urgência e a suspensão do processo, com base na cláusula que condiciona a renúncia ao direito de ação ao cumprimento integral do pagamento. O Ministro Gilmar Mendes deferiu o pedido, suspendendo a tramitação do processo até que haja requerimento de extinção ou continuidade, com a possibilidade de retomada da ação em caso de descumprimento do acordo.
3595|GILMAR MENDES|2022-08-19|https://jurisprudencia.stf.jus.br/pages/search/despacho1331562/false|ESTADO DO ACRE|ESTADO|O Estado do Acre solicitou tutela provisória para compensar as parcelas vincendas de sua dívida com a União pelas perdas de arrecadação de ICMS decorrentes da redução das alíquotas de gasolina, energia elétrica e comunicações, estipulada pela Lei Complementar nº 194/2022. O Ministro Gilmar Mendes deferiu parcialmente a tutela, determinando que a União realize a compensação nas parcelas vincendas a partir de agosto de 2022, corrigidas pelo IPCA-E, e se abstenha de inscrever o Estado em cadastros de inadimplência ou de rebaixar seu rating.
3596|GILMAR MENDES|2022-08-19|https://jurisprudencia.stf.jus.br/pages/search/despacho1331505/false|ESTADO DO RIO GRANDE DO NORTE|ESTADO|O Estado do Rio Grande do Norte ajuizou ação cível originária contra a União, requerendo tutela provisória de urgência para permitir a compensação das parcelas da dívida estadual com as perdas de arrecadação de ICMS sobre gasolina, energia elétrica e comunicações, conforme estipulado pela LC nº 194/2022. O pedido incluiu a suspensão das contragarantias e garantias de contratos, a abstenção da União de inscrever o Estado em cadastros restritivos e a exclusão de encargos moratórios. O Ministro Gilmar Mendes, relator do caso, reconheceu o conflito federativo, deferiu parcialmente a tutela para permitir a compensação das perdas a partir de agosto de 2022 e determinou que a União se abstenha de atos desfavoráveis ao Estado quanto aos cadastros e classificação de risco (rating).
3610|GILMAR MENDES|2023-06-29|https://jurisprudencia.stf.jus.br/pages/search/despacho1422307/false|ESTADO DE ALAGOAS|UNIÃO|O Estado de Alagoas ajuizou uma ação contra a União, solicitando, entre outros, a suspensão dos parcelamentos de sua dívida com a União e a utilização de uma alíquota de 20% sobre a base de cálculo negativa da CSLL do PRODUBAN, o que resultaria em um crédito a ser compensado. A União contestou a aplicação dessa alíquota e a possibilidade de compensação com outras dívidas, argumentando que apenas o parcelamento do PERT deveria se beneficiar dessa alíquota. Posteriormente, Alagoas quitou a dívida do PERT com recursos próprios e buscou compensar o crédito com outros parcelamentos, o que a União refutou. A União sugeriu, em vez disso, a restituição do valor pago a maior, conforme normas tributárias. O Ministro Gilmar Mendes, reconhecendo a competência do STF e indeferindo a tutela de urgência devido à ausência de requisitos legais, determinou que o Estado de Alagoas buscasse a restituição do crédito administrativamente.
3614|EDSON FACHIN|2023-02-10|https://jurisprudencia.stf.jus.br/pages/search/despacho1376728/false|ESTADO DE GOIÁS|ESTADO|O Estado de Goiás ingressou com ação cível originária contra a União, solicitando tutela provisória para compensar as perdas de arrecadação de ICMS decorrentes das Leis Complementares nº 192/2022 e 194/2022 e da Emenda Constitucional nº 123/2022, que reduziram a arrecadação sobre combustíveis, gás natural, energia elétrica e comunicações, impactando o cumprimento do Plano de Recuperação Fiscal (PRF). Goiás alegou dificuldades para manter o equilíbrio fiscal e realizar políticas públicas. A União argumentou pela falta de comprovação contábil e propôs suspender o processo. O Ministro Edson Fachin reconheceu a competência do STF para o caso, deferiu liminar determinando que a União compense as perdas do ICMS nas parcelas de refinanciamento de dívida de Goiás, com atualização pelo IPCA-E, e proibiu a inscrição do Estado em cadastros de inadimplência, suspendendo o processo por 120 dias.
3614|EDSON FACHIN|2023-02-10|https://jurisprudencia.stf.jus.br/pages/search/despacho1376176/false|ESTADO DE GOIÁS|ESTADO|O Estado de Goiás ingressou com ação cível originária contra a União, solicitando tutela provisória para compensar as perdas de arrecadação de ICMS decorrentes das Leis Complementares nº 192/2022 e 194/2022 e da Emenda Constitucional nº 123/2022, que reduziram a arrecadação sobre combustíveis, gás natural, energia elétrica e comunicações, impactando o cumprimento do Plano de Recuperação Fiscal (PRF). Goiás alegou dificuldades para manter o equilíbrio fiscal e realizar políticas públicas. A União argumentou pela falta de comprovação contábil e propôs suspender o processo. O Ministro Edson Fachin reconheceu a competência do STF para o caso, deferiu liminar determinando que a União compense as perdas do ICMS nas parcelas de refinanciamento de dívida de Goiás, com atualização pelo IPCA-E, e proibiu a inscrição do Estado em cadastros de inadimplência, suspendendo o processo por 120 dias.
3620|ROBERTO BARROSO|2023-02-01|https://jurisprudencia.stf.jus.br/pages/search/despacho1373753/false|ESTADO DO ESPÍRITO SANTO|ESTADO|O Estado do Espírito Santo ingressou com ação cível originária contra a União, buscando tutela provisória para compensar perdas de arrecadação de ICMS, resultantes da Lei Complementar nº 194/2022, com dívidas administradas pela Secretaria do Tesouro Nacional e outros credores. A lei, criada para reduzir o preço dos combustíveis, limitou as alíquotas de ICMS sobre itens essenciais, ocasionando uma perda estimada de R$ 1,224 bilhão para o Espírito Santo no segundo semestre de 2022. O Ministro Luís Roberto Barroso deferiu a liminar, determinando à União que compense mensalmente as parcelas das dívidas do Estado com as perdas de arrecadação de ICMS, calculadas com base no mesmo período do ano anterior e corrigidas pelo IPCA-E, e se abstenha de registrar o Estado em cadastros de inadimplência.
3646|NUNES MARQUES|2023-07-13|https://jurisprudencia.stf.jus.br/pages/search/despacho1423593/false|ESTADO DE MINAS GERAIS|ESTADO|O Estado de Minas Gerais ajuizou ação cível originária contra a União, solicitando medida liminar para permitir sua adesão ao Programa de Acompanhamento e Transparência Fiscal (PATF) sem a necessidade de autorização legislativa específica. O Estado argumentou que a exigência de autorização só está prevista no Decreto nº 10.819/2021 e que a Lei estadual nº 22.742/2017 já autorizaria a participação em programas de ajuste fiscal. Diante da urgência e do impacto financeiro que a negativa poderia causar à prestação de serviços públicos, o Ministro Roberto Barroso deferiu liminarmente o pedido, reconhecendo a aprovação da autorização legislativa, ainda que fora do prazo de adesão, e permitindo a continuidade das negociações no PATF, com a suspensão de sanções pela União.
3651|GILMAR MENDES|2023-09-13|https://jurisprudencia.stf.jus.br/pages/search/despacho1449125/false|ESTADO DE GOIÁS|UNIÃO|O Estado de Goiás ajuizou ação cível originária contra a União, com pedido de tutela de urgência, para impedir a aplicação de penalidades pelo descumprimento do teto de despesas previsto na LC nº 156/2016, solicitando, alternativamente, a exclusão de certas despesas, como aquelas com o Fundo de Proteção Social e gastos superiores aos mínimos constitucionais em saúde e educação. A União contestou, alegando que a verificação do cumprimento do limite de despesas ocorrerá apenas em 2024, afastando, portanto, o periculum in mora. O Ministro Gilmar Mendes, considerando ausente o risco de dano imediato e irreversível, indeferiu o pedido liminar, mas permitiu o andamento da ação para avaliação de mérito.
